{
  "xgb_weight": 0.7,
  "ridge_weight": 0.30000000000000004,
  "test_accuracy": 0.6606092998396579,
  "train_date": "2026-01-06 13:08:28.261758"
}